iteration,best,mean,worst
0,119.00000,9.62000,0.00000
1,210.00000,36.52000,0.00000
2,397.00000,116.82000,0.00000
3,398.00000,200.76000,42.00000
4,399.00000,239.52000,5.00000
